Name,Description,Specs,Features,Category,Image,Images,Brochure,Brochures
F1000D - F2000D Series,IDAS™ Entry Level Portables,"<ul><li>Frequencies:136-174, 400-470, 450-512MHz</li><li>Output Power:5W (VHF); 4W (UHF)</li><li>Channels:16</li><li>Channel Spacing:12.5 / 6.25kHz</li><li>Mil Spec:810 C, D, E</li><li>Scan:Normal & priority</li><li>Weight:9.17oz (with BP-280)</li><li>Waterproof Rating:IP67 waterproof and dust tight</li></ul>","<ul><li>General Features:</li><li>IP67 waterproof and dust tight</li><li>Lone worker function</li><li>Channel announcement</li><li>BTL amplifier for loud audio output</li><li>DTMF autodial memoriesDigital Features:</li><li>IDAS™ conventional</li><li>IDAS™ single-site trunking</li><li>NXDN® Digital Air Interface</li><li>AMBE+2™ VOCODER</li><li>PTT ID (TX)</li><li>Individual/group calls</li><li>Radio check (RX)</li><li>Stun/Kill/Revive (RX)</li><li>Remote monitor (RX)</li><li>Emergency (TX)</li><li>Call alert (RX)</li><li>Digital voice scrambler (15-bit)</li><li>Status Call (Power ON/OFF status and GPS request)</li><li>Voting scan for multi-site conventional operation TX: Transmit, RX: Receive<br>SIGNALING (Analog Only)</li><li>CTCSS / DCS / DTMF encode & decode</li><li>2/5 Tone encode & decode</li><li>MDC1200: PTT ID & emergency call, radio check(RX) and stun/revive (RX</li><li></li><li>COMES WITH</li><li>Antenna (FA-SC55V, FA-SC57U or FA-SC72U)</li><li>Battery (BP-280)</li><li>Belt Clip (MB-133)</li><li>Owner’s manual</li><li>Warranty: 2 years</li></ul>",Portables,Yes,"['https://icom-radio-images.s3.us-east-2.amazonaws.com/Portables/F1000D+-+F2000D+Series/F2000D.jpg','https://icom-radio-images.s3.us-east-2.amazonaws.com/Portables/F1000D+-+F2000D+Series/F2000S.jpg','https://icom-radio-images.s3.us-east-2.amazonaws.com/Portables/F1000D+-+F2000D+Series/F2000T.jpg']",Yes,https://icom-radio-images.s3.us-east-2.amazonaws.com/Portables/F1000D+-+F2000D+Series/F1000.pdf'
F1000ST - F2000ST Series,Entry Level Analog Portables,"<ul><li>Frequencies:136-174, 400-470, 450-512MHz</li><li>Output Power:5W (VHF); 4W (UHF)</li><li>Channels:16 or 128 (S/T)</li><li>Channel Spacing:12.5kHz</li><li>Mil Spec:MIL-STD 810 C,D,E,F,G,</li><li>Weight:8.47oz (with BP-279)</li><li>Waterproof Rating:IP67 dust-tight and waterproof protection</li><li>Versions:With full keypad</li><li>With simple keypad</li><li>Without LCD and front keypad</li></ul>","<ul><li>Enhanced emergency with built-in motion sensor</li><li>Selective calling, quiet sand-by and more</li><li>Channel announcement</li><li>Built-in inversion voice scrambler</li><li>8 DTMF autodial memories</li><li>“Shift key” function increases number of programmable key assignments</li><li>Surveillance function</li><li>Escalating alarm</li><li>SIGNALING</li><li>CTCSS / DTCS encode & decode</li><li>Built-In 2-Tone, 5-Tone</li><li>MDC1200 16 channel version</li><li>PTT ID (transmit only)</li><li>Emergency Call (transmit only)MDC1200 S/T version</li><li>PTT ID (Tx/Rx)</li><li>Emergency (Tx/Rx)</li><li>Radio check (Rx)</li><li>Stun/revive (Rx)</li><li>Transmit status message</li><li>100 alias table<br>COMES WITH</li><li>Antenna (FA-SC55V, FA-SC57U or FA-SC72U)</li><li>Battery pack (BP-279)</li><li>Belt Clip (MB-133)</li><li>Charger (BC-213 on some versions)</li><li>Warranty: 2 years</li></ul>",Portables,Yes,"['https://icom-radio-images.s3.us-east-2.amazonaws.com/Portables/F1000ST+-+F2000ST+Series/F1000T.jpg','https://icom-radio-images.s3.us-east-2.amazonaws.com/Portables/F1000D+-+F2000D+Series/F2000D.jpg']",Yes,https://icom-radio-images.s3.us-east-2.amazonaws.com/Portables/F1000ST+-+F2000ST+Series/F1000.pdf'
F1100D - F2100D Series,Entry Level IDAS™ Portables,"<ul><li>Frequencies:136-174, 400-470MHz</li><li>Output Power:5W (VHF); 4W (UHF)</li><li>Channels:16 or 128 (S/T)</li><li>Channel Spacing:12.5 / 6.25 kHz</li><li>Mil Spec:MIL-STD 810 C,D,E,F,G,</li><li>Weight:9.2oz (with BP-280)</li><li>Waterproof Rating:IP67 dust-tight and waterproof protection</li><li>Versions:With full keypad</li><li>With simple keypad</li><li>Without LCD and front keypad</li></ul>","<ul><li>AquaQuake™</li><li>16-position rotary selector and ON/OFF volume knob</li><li>DTMF audio dial</li><li>“Shift key” function increases number of programmable key assignments</li><li>Three color LED</li><li>Channel announcement</li><li>Man down</li><li>Motion & stationary detection</li><li>Lone worker function</li><li>Surveillance function</li><li>16-code inversion analog scrambler</li><li>IDAS <ul><li>IDAS™ conventional</li><li>IDAS multi-site conventional over IP network</li><li>IDAS™ type D-single-site trunking</li><li>Analog/digital mixed mode operation</li><li>AMBE+2™ VOCODER</li><li>Over-the-Air Alias (OAA) updates the call list over the air(LCD versions)</li><li>Individual, group and all call</li><li>Status all and polling</li><li>Short data messages (LCD versions)</li><li>Call alert<br>COMES WITH</li><li>Antenna (FA-SC55V or FA-SC57U)</li><li>Battery pack (BP-280)</li><li>Belt Clip (MB-133)</li><li>Warranty: 2 years</li><li></li><li>SIGNALING (Analog Only)</li><li>CTCSS / DTCS</li><li>2/5 Tone</li><li>MDC1200: PTT ID transmission</li></ul>",Portables,Yes,"['https://icom-radio-images.s3.us-east-2.amazonaws.com/Portables/F1100D+-+F2100D+Series/F1100D(2).jpg','https://icom-radio-images.s3.us-east-2.amazonaws.com/Portables/F1100D+-+F2100D+Series/F1100D.jpg','https://icom-radio-images.s3.us-east-2.amazonaws.com/Portables/F1100D+-+F2100D+Series/F2100D(2).jpg','https://icom-radio-images.s3.us-east-2.amazonaws.com/Portables/F1100D+-+F2100D+Series/F2100D.jpg']",Yes,https://icom-radio-images.s3.us-east-2.amazonaws.com/Portables/F1100D+-+F2100D+Series/F1100D.pdf'
F3001 - F4001 Series,Entry Level Analog Portables,"<ul><li>Frequencies:136-174, 400-470, 450-512MHz</li><li>Output Power:5W (VHF); 4W (UHF)</li><li>Channels:16</li><li>Channel Spacing:12.5kHz</li><li>Mil Spec:810 C, D, E</li><li>Scan:Normal & priority</li><li>Weight:11.6oz (with BP-265)</li><li>Waterproof Rating:IP54 dust and splash proof</li></ul>","<ul><li>Low battery alert with blinking LED & beep</li><li>3 Buttons</li><li>Talk around function</li><li>3-color LED (red, green & orange)</li><li>Time out timer</li><li>2-step power save</li><li>Lone worker function</li><li>SIGNALING</li><li>CTCSS / DTCS Encode/Decode</li><li>2-Tone, 5-Tone</li><li>MDC1200</li><li>PTT ID</li><li>Emergency Status<br>COMES WITH</li><li>Charger (BC-193)</li><li>Antenna (FA-SC55V or FA-SC57U)</li><li>Battery (BP-265)</li><li>Belt Clip (MB-124)</li><li>Owner’s manual</li><li>Warranty: 2 years</li></ul>",Portables,Yes,['https://icom-radio-images.s3.us-east-2.amazonaws.com/Portables/F3001+-+F4001+Series/F3001.jpg'],Yes,https://icom-radio-images.s3.us-east-2.amazonaws.com/Portables/F3001+-+F4001+Series/F3001_F4001.pdf'
F3011 - F4011 Series,Entry Level Analog Portables,"<ul><li>Frequencies:136-174, 400-470, 450-512MHz</li><li>Output Power:5W (VHF); 4W (UHF)</li><li>Channels:16</li><li>Channel Spacing:12.5kHz</li><li>Mil Spec:810 C, D, E</li><li>Scan:Normal & priority</li><li>Weight:10.6oz (with BP-232H)</li><li>Waterproof Rating:IP54 dust and splash proof</li></ul></li></ul>","<ul><li>Low battery alert with blinking LED & beep</li><li>3 Buttons</li><li>Talk around function</li><li>3-color LED (red, green & orange)</li><li>Time out timer</li><li>2-step power save</li><li>SIGNALING</li><li>CTCSS / DTCS encode & decode<br>COMES WITH</li><li>Antenna (FA-SC55V or FA-SC57U)</li><li>Battery (BP-232H)</li><li>Belt Clip (MB-94)</li><li>Rapid Charger (BC-160)</li><li>Owner’s manual</li><li>Warranty: 2 years</li></ul>",Portables,Yes,['https://icom-radio-images.s3.us-east-2.amazonaws.com/Portables/F3011+-+F4011+Series/F3011.jpg'],Yes,https://icom-radio-images.s3.us-east-2.amazonaws.com/Portables/F3011+-+F4011+Series/F3011_F4011.pdf'
F3161 - F4161 & F3161D - F4161D Series,"Analog, LTR®, Digital Portables","<ul><li>Frequencies:136-174, 400-470, 450-512MHz</li><li>Output Power:5W</li><li>Channels:512 / 128 zones</li><li>Channel Spacing:12.5 kHz; 6.25kHz (D versions)</li><li>LCD Display:Full dot-matrix</li><li>Programmable Keys:8</li><li>Mil Spec:810 C, D, E, F</li><li>Scan:Normal & priority</li><li>Weight:12oz (with BP-232H)</li><li>Waterproof Rating:IP55 dust and spraying water protection</li><li>Version:Analog and digital upgradable</li><li>Analog and digital ready</li><li>“D” Signifies IDAS Ready</li></ul>","<ul><li>General Features</li><li>Basic LTR® / conventional analog</li><li>Lone worker function</li><li>2 step reduced power setting</li><li>Busy, repeater lockout function</li><li>Escalating alarm</li><li>Surveillance function (temp. turns LEDs off)Digital Features</li><li>IDAS™ conventionalIDAS multi-site conventionalIDAS multi-site and single-site type-D trunking Voting mode scanning</li><li>Digital/analog mixed mode</li><li>NXDN® Digital Air Interface</li><li>AMBE+2™ VOCODER</li><li>Short & long data messages</li><li>64 Radio Access Numbers (RAN)</li><li>Individual & group selective call</li><li>Strongest site search</li><li>Firmware upgrade over IP</li><li>Configuration over IP<br>COMES WITH</li><li>Antenna (FA-SC55V or FA-SC57U)</li><li>Battery (BP-232H)</li><li>Belt clip (MB-94)</li><li>Owner’s manual</li><li>Warranty: 3 years</li><li>SIGNALING</li><li>MDC1200 (analog & LTR)</li><li>CTCSS/DCS encode & decode</li><li>DTMF decode</li><li>2/5 tone encode/decode</li><li>PassPort® (F4161S 56 only)</li><li>ENCRYPTION</li><li>Inversion scrambler built-in</li><li>Simple Inversion: UT-109R 32 Codes</li><li>Rolling Code: UT-110R 1020 Codes</li></ul>",Portables,Yes,"['https://icom-radio-images.s3.us-east-2.amazonaws.com/Portables/F3161+-+F4161+&+F3161D+-+F4161D+Series/F3161S.jpg','https://icom-radio-images.s3.us-east-2.amazonaws.com/Portables/F3161+-+F4161+&+F3161D+-+F4161D+Series/F3161T.jpg']",Yes,https://icom-radio-images.s3.us-east-2.amazonaws.com/Portables/F3161+-+F4161+%26+F3161D+-+F4161D+Series/F3161.pdf'
F3201DEX - F4201DEX Series,IECEx/ATEX Intrinsically Safe IDAS VHF/UHF Portables,"<ul><li>Frequencies:136-174, 400-470</li><li>Output Power:1W</li><li>Channels:16</li><li>Channel Spacing:12.5 / 6.25kHz</li><li>Mil Spec:801 C, D, E, F, G</li><li>Scan:Normal & Priority</li><li>Weight:1.03lbs</li><li>Waterproof Rating:IP67 dust-tight and water proof</li></ul>",<ul><li>General Features:</li><li>IEC CertificationsMining : Ex ib I Mb</li><li>Gas : Ex ib IIC T4 Gb</li><li>Dust : Ex ib IIIC T110°C Db</li><li>ATEX CertificationsMining : I M2 Ex ib I Mb</li><li>Gas : II 2G Ex ib IIC T4 Gb</li><li>Dust : II 2D Ex ib IIIC T110°C Db</li><li>Channel announcementDTMF autodial</li><li>Three programmable buttons</li><li>Low electrical resistivity body</li><li>Man down & lone worker (analog only)</li><li>Digital Features:</li><li>IDAS™ conventionalIDAS™ single-site type-D trunking</li><li>NXDN® Digital Air Interface<br>SIGNALING</li><li>CTCSS / DCS / DTMF encode & decode (analog)</li><li>2/5 Tone encode & decode (analog)</li><li>MDC1200 PTT ID & Emergency</li><li></li><li>COMES WITH</li><li>Antenna (FA-SC55V or FA-SC57U)</li><li>Battery (BP-227EX)</li><li>Belt Clip (MB-94EX)</li><li>Charger (BC-212EX)</li><li>Owner’s Manual</li><li>Warranty: 2 years</li></ul>,Portables,Yes,['https://icom-radio-images.s3.us-east-2.amazonaws.com/Portables/F3201DEX+-+F4201DEX+Series/F3201DEX.jpg'],Yes,https://icom-radio-images.s3.us-east-2.amazonaws.com/Portables/F3201DEX+-+F4201DEX+Series/F3201DEX_F4201DEX.pdf'
F3210D - F4210D Series,Entry Level IDAS™ Trunking Portables,"<ul><li>Frequencies:136-174, 400-470, 450-512</li><li>Output Power:5W (VHF);</li><li>4W (UHF)</li><li>Channels:16</li><li>Channel Spacing:15 / 12.5 / 6.25kHz</li><li>Mil Spec:810 C, D, E and -F</li><li>Scan:Priority/Vote/Roaming scan</li><li>Weight:11.3oz (with MB-124, BP-265)</li><li>Waterproof Rating:IP54 dust and splash proof</li></ul>",<ul><li>General Features:</li><li>800mW loud audio output from the large 45mm speaker</li><li>Channel announcement</li><li>Internal VOX capabilityLow battery alert</li><li>Time out timer</li><li>Lone worker function</li><li>2-step power save</li><li>Talk around function</li><li>Surveillance functionDigital Features:</li><li>IDAS™ conventionalIDAS multi-site and single-site trunking and IDAS multi-site conventionalPTT ID (TX)</li><li>Block decode</li><li>Radio check (RX)</li><li>Call alert</li><li>Emergency</li><li>GPS (TX with HM-171GP)</li><li>Individual/Group call</li><li>RAN (Radio Access Number)</li><li>Stun/kill/revive (RX)</li><li>Remote monitor (RX)</li><li>Digital voice scrambler</li><li>ATB (All Trunks Busy) ring back<br>SIGNALING</li><li>CTCSS / DTCS encode & decode (analog only)</li><li>COMES WITH</li><li>Antenna (FA-SC55V or FA-SC57U)</li><li>Battery (BP-265)</li><li>Charger (BC-193)</li><li>Belt Clip (MB-124)</li><li>Owner’s manual</li><li>Warranty: 2 years</li></ul>,Portables,Yes,['https://icom-radio-images.s3.us-east-2.amazonaws.com/Portables/F3210D+-+F4210D+Series/F3210D.jpg'],Yes,https://icom-radio-images.s3.us-east-2.amazonaws.com/Portables/F3210D+-+F4210D+Series/F3210D_F4210D.pdf'
F3230D - F4230D Series,IDAS Trunking Portables,"<ul><li>Frequencies:136-174, 400-470, 450-512</li><li>Output Power:5W (VHF);</li><li>4W (UHF)</li><li>Channels:128 channels / 8 zones</li><li>Channel Spacing:12.5 / 6.25kHz</li><li>LCD Display:8-character alphanumeric LCD</li><li>Mil Spec:MIL 810G</li><li>Also meets equivalent MIL-STD-810C, -D, -E and -F</li><li>Scan:Roaming / Voting scan</li><li>Weight:12oz (W/BP-232WP)</li><li>Waterproof Rating:IP67 dust-tight and water proof</li></ul>","<ul><li>General Features:</li><li>Channel announcementLow battery alert</li><li>2-step power save</li><li>Time out timer</li><li>BTL amp with 1000mW audio output</li><li>Lone worker functionDigital Features:</li><li>IDAS™ conventionalIDAS multi-site and single-site trunking and IDAS multi-site conventional</li><li>Up to 500 individual and up to 500 group ID aliases (Each for single-site/multi-site/conventional)PTT ID and ANI</li><li>SDM (Short Data Message)</li><li>Status</li><li>RAN (Radio Access Number)</li><li>Radio check (RX)</li><li>Call alert</li><li>Remote monitor (RX)</li><li>Digital voice scrambler</li><li>ATB (All Trunks Busy) ring back<br>SIGNALING</li><li>CTCSS / DTCS encode & decode (analog only)</li><li>COMES WITH</li><li>Antenna (FA-SC55V, FA-SC57U or FA-SC72U)</li><li>Battery (BP-232WP)</li><li>Belt Clip (MB-94R)</li><li>Charger (BC-160)</li><li>Owner’s manual</li><li>Warranty: 3 years</li></ul>",Portables,Yes,['https://icom-radio-images.s3.us-east-2.amazonaws.com/Portables/F3230D+-+F4230D+Series/F3230D.jpg'],Yes,https://icom-radio-images.s3.us-east-2.amazonaws.com/Portables/F3230D+-+F4230D+Series/F3230D_F4230D.pdf'
F3261D - F4261D Series,"Waterproof Analog, LTR®, & IDAS Digital Portables","<ul><li>Frequencies:136-174, 400-470, 450-512MHz</li><li>Output Power:5W</li><li>Channels:512 / 128 zones</li><li>Channel Spacing:12.5 & 6.25kHz</li><li>Mil Spec:810 C, D, E</li><li>Scan:Normal & priority</li><li>Weight:14.1oz (with BP-232WP)</li><li>Waterproof Rating:IP67 submersible & dust protection</li></ul>","<ul><li>General Features</li><li>Basic LTR® / Conventional / IDAS</li><li>GPS built-in</li><li>Lone worker function</li><li>2 step reduced power setting</li><li>Busy, repeater lockout function</li><li>Escalating alarm</li><li>Surveillance function temporarily turns off the LED backlight and beep sound</li><li>Detects both analog & IDAS conventional signals and automatically selects the transmission mode to reply to received callDigital Features</li><li>IDAS™ conventionalIDAS multi-site and single-site trunking and IDAS multi-site conventionalVoting mode scanning</li><li>NXDN® Digital Air Interface</li><li>AMBE+2™ VOCODER</li><li>Short & long data messages</li><li>64 Radio Access Numbers (RAN)</li><li>Individual & group selective call</li><li>Strongest site search<br>COMES WITH</li><li>Antenna (FA-SC55V or FA-SC57U)</li><li>Battery (BP-232WP)</li><li>Belt clip (MB-94R)</li><li>Owner’s manual</li><li>Warranty: 3 years</li><li>SIGNALING</li><li>MDC1200 (analog & LTR)</li><li>CTCSS/DCS encode & decode</li><li>DTMF decode</li><li>2/5 tone encode & decode</li><li>ENCRYPTION</li><li>Inversion scrambler built-in. Digital voice scrambler provides 15-bit key (about 32K codes)</li></ul>",Portables,Yes,"['https://icom-radio-images.s3.us-east-2.amazonaws.com/Portables/F3261D+-+F4261D+Series/F3261DS.jpg','https://icom-radio-images.s3.us-east-2.amazonaws.com/Portables/F3261D+-+F4261D+Series/F3261DT.jpg']",Yes,https://icom-radio-images.s3.us-east-2.amazonaws.com/Portables/F3261D+-+F4261D+Series/F3261D_F4261D.pdf'
F3360D - F4360D Series,"Waterproof Analog, IDAS™ 12.5 kHz & 6.25 kHz Digital & Type-C Trunking","<ul><li>Frequencies:136-174, 400-470MHz</li><li>Output Power:5W</li><li>Channels:512 / 128 zones</li><li>Channel Spacing:12.5 & 6.25kHz</li><li>Mil Spec:810 C, D, E & F</li><li>Scan:Normal & priority</li><li>Weight:14.1oz (with BP-232WP)</li><li>Waterproof Rating:IP67 submersible & dust protection</li></ul>","<ul><li>General Features</li><li>Analog & digital conventional / IDAS mixed mode</li><li>Built-in GPS</li><li>Lone worker function</li><li>2 step reduced power setting</li><li>Busy, repeater lockout function</li><li>Escalating alarm</li><li>Surveillance function temporarily turns off the LED backlight and beep sound</li><li>Detects both analog & IDAS conventional signals and automatically selects the transmission mode to reply to received callDigital Features</li><li>IDAS™ conventionalIDAS Type C trunkingNXDN® Digital Air Interface</li><li>AMBE+2™ VOCODER</li><li>Transparent data</li><li>64 Radio Access Numbers (RAN)</li><li>1 site and multi-site individual & group call</li><li>Strongest site search</li><li>Forced site search<br>COMES WITH</li><li>Antenna (FA-SC55V or FA-SC57U)</li><li>Battery (BP-232WP)</li><li>Belt clip (MB-94R)</li><li>Owner’s manual</li><li>Warranty: 3 years</li><li>SIGNALING</li><li>MDC1200</li><li>CTCSS/DCS encode & decode</li><li>DTMF decode</li><li>ENCRYPTION</li><li>Inversion scrambler built-in. Digital voice scrambler provides 15-bit key (about 32K codes)</li></ul>",Portables,Yes,"['https://icom-radio-images.s3.us-east-2.amazonaws.com/Portables/F3360D+-+F4360D+Series/F3360DS(2).jpg','https://icom-radio-images.s3.us-east-2.amazonaws.com/Portables/F3360D+-+F4360D+Series/F3360DS.jpg','https://icom-radio-images.s3.us-east-2.amazonaws.com/Portables/F3360D+-+F4360D+Series/F3360DT(2).jpg','https://icom-radio-images.s3.us-east-2.amazonaws.com/Portables/F3360D+-+F4360D+Series/F3360DT.jpg']",Yes,https://icom-radio-images.s3.us-east-2.amazonaws.com/Portables/F3360D+-+F4360D+Series/F3360D_F4360D.pdf'
F3400D - F4400D Series,VHF UHF Digital Handheld Transceiver,"<ul><li>Frequencies:136-174, 380-470, 450-512MHz</li><li>Output Power:5W</li><li>Channels:32 channels w/2 zones(F3400D),1024 channels w/128 zones(F3400DS/DT)</li><li>Channel Spacing:12.5 & 6.25kHz</li><li>Mil Spec:C, D, E, F, G</li><li>Weight:6.4oz (main unit without battery pack and antenna)</li><li>Waterproof Rating:IP68</li><li>Versions:With full keypad</li><li>With simple keypad</li><li>Without LCD and front keypad</li></ul>","<ul><li>General Features</li><li>Basic LTR® / Conventional / IDAS</li><li>GPS built-in</li><li>Bluetooth™ built-in</li><li>Intuitive user interface</li><li>High-resolution color LCD</li><li>Digital voice recorder – record up to 500 hours with 32GB microSD card</li><li>Man down, motion detection, stationary detection, lone worker and power OFF emergency</li><li>AquaQuake™</li><li>Audio equalizer*Digital Features</li><li>IDAS™ conventionalIDAS single-site and multi-site Type D trunking (optional upgrade)</li><li>IDAS single-site and multi-site Type C trunking (optional upgrade)*Voting mode scanning</li><li>NXDN® Digital Air Interface</li><li>AMBE+2™ VOCODER</li><li>Individual & group selective call</li><li>Strongest site search</li><li>Over-the-Air Programming (requires software & license)*<br>COMES WITH</li><li>Battery Pack (BP-283)</li><li>Belt clip (MB-133)</li><li>Antenna & charger purchased separately</li><li>Owner’s manual</li><li>Warranty: 3 years</li><li>ANALOG SIGNALING</li><li>2-tone, 5-tone, CTCSS and DTCS built-in</li><li>DTMF autodial and DTMF decode</li><li>MDC1200 compatible</li><li>ENCRYPTION</li><li>AES/DES UT-134</li><li>Over-the-Air Rekeying (requires license)*</li><li>*Future Availability</li></ul>",Portables,Yes,"['https://icom-radio-images.s3.us-east-2.amazonaws.com/Portables/F3400D+-+F4400D+Series/F3400D.jpg','https://icom-radio-images.s3.us-east-2.amazonaws.com/Portables/F3400D+-+F4400D+Series/F3400DS.jpg','https://icom-radio-images.s3.us-east-2.amazonaws.com/Portables/F3400D+-+F4400D+Series/F3400DT.jpg','https://icom-radio-images.s3.us-east-2.amazonaws.com/Portables/F3400D+-+F4400D+Series/F4400D.jpg','https://icom-radio-images.s3.us-east-2.amazonaws.com/Portables/F3400D+-+F4400D+Series/F4400DS.jpg','https://icom-radio-images.s3.us-east-2.amazonaws.com/Portables/F3400D+-+F4400D+Series/F4400DT.jpg']",Yes,https://icom-radio-images.s3.us-east-2.amazonaws.com/Portables/F3400D+-+F4400D+Series/F3400D.pdf'
F52D - F62D Series,Analog & IDAS Digital Compact Waterproof Portables,"<ul><li>Frequencies:136-174, 380-470, 450-512MHz</li><li>Output Power:5W</li><li>Channels:512 w/128 zones</li><li>Display:14 character full dot-matrix w/status icons</li><li>Mil Spec:C, D, E, F & G</li><li>Scan:Normal, priority & dual priority</li><li>Waterproof Rating:IP67</li><li>Weight:8.1oz</li></ul>","<ul><li>Voice recording/playback (up to 8 minutes)</li><li>Programmable vibration alert</li><li>Bluetooth™ built-in</li><li>Voice announcement (channel number and zone)</li><li>Backlit LCD and buttons</li><li>20-position rotary selector and ON/OFF volume knob</li><li>Emergency key</li><li>Man down function</li><li>Lone worker function</li><li>IDAS <ul><li>IDAS™ conventional</li><li>IDAS™ single-site and multi-site TYPE-D trunking option</li><li>AMBE+2™ vocoder</li><li>Analog/digital mixed operation</li><li>Over-the-Air Programming with manager software</li><li>Over-the-Air Alias (OAA) sends own name with a call</li><li>Over-the-Air Update (OTAU) changes the repeater channel data and site code over the air (Type-D trunking)</li><li>Individual, group call</li><li>Status call and polling</li><li>Short data message</li><li>Transparent data mode<br>COMES WITH</li><li>Battery (BP-290)</li><li>Belt Clip (MMB-3)</li><li>Owner’s manual</li><li>Warranty: 3-Year</li><li>Analog Signaling</li><li>2-tone, CTCSS, DTCS tone</li><li>MDC functions</li><li>DTMF autodial</li><li>ENCRYPTION</li><li>Digital voice scrambler (low level encryption)</li><li>Analog voice scrambler (inversion)</li></ul>",Portables,Yes,"['https://icom-radio-images.s3.us-east-2.amazonaws.com/Portables/F52D+-+F62D+Series/F52D.jpg','https://icom-radio-images.s3.us-east-2.amazonaws.com/Portables/F52D+-+F62D+Series/F62D.jpg']",Yes,https://icom-radio-images.s3.us-east-2.amazonaws.com/Portables/F52D+-+F62D+Series/F52D_F62D.pdf'
F70 - F80 - F70D - F80D Series,"High End Analog, P25 Conventional, I.S. and FIPS Portables","<ul><li>Frequencies:136-174, 380-450, 400-470, 450-512MHz</li><li>Output Power:4W (UHF); 5W (VHF)</li><li>Channels:256 with 32 zones</li><li>Channel Spacing:12.5kHz</li><li>LCD Display:Full dot matrix, switchable 1 line 12 character or 2 line 24 character</li><li>Programmable Keys:8</li><li>Mil Spec:810 C, D, E</li><li>Scan:Normal, priority & dual priority</li><li>Waterproof Rating:IPX7 submersible</li><li>Weight:14.1oz (with BP-253)</li><li>15.9oz (with BP-254)</li><li>Intrinsically Safe:Yes on specific versions</li><li>Versions:Analog only (upgradeable to P25)</li><li>P25 ready (D versions)</li><li>P25 ready with FIPS</li></ul>","<ul><li>Tactical group function</li><li>Mixed mode operation</li><li>Radio stun/kill function (analog only) and Power on password</li><li>Built-in audio compander (analog only)</li><li>Unit Down: UT-124</li><li>2 Step power saver</li><li>Busy, repeater lockout functions</li><li>Selective call / individual call using</li><li>Unit ID & talkgroup ID</li><li>SIGNALING</li><li>CTCSS / DTCS encode & decode</li><li>2-Tone, 5-Tone</li><li>Up to 10 2-tone codes can be decoded on a channel</li><li>Up to 8 5-tone codes can be decoded on a channel</li><li>Programmable items for codes: Beep sound, Answer back, Scan, Bell icon, Radio stun/killDTMF</li><li>MDC1200</li><li>PTT I/Caller ID, selective call, radio check, call alert</li><li>Emergency, emergency mic monitoringStun/revive, call log, status/message</li><li>500 aliases<br>COMES WITH</li><li>Antenna (FA-SC55V or FA-SC57U)</li><li>Battery</li><li>P25/analog (BP-253)</li><li>FIPS versions (BP-254)</li><li>Belt Clip (MB-94)</li><li>Owner’s manual</li><li>Warranty: 2-Year (F70/F80)</li><li>3-Year (F70D/80D)</li><li>ENCRYPTION</li><li>Analog Only:</li><li>Simple Inversion: UT-109 32 Codes</li><li>Rolling Code: UT-110 1020 Codes</li><li></li><li>Digital Only:</li><li>AES & DES upgrade options</li></ul>",Portables,Yes,"['https://icom-radio-images.s3.us-east-2.amazonaws.com/Portables/F70+-+F80+-+F70D+-+F80D+Series/F70S.jpg','https://icom-radio-images.s3.us-east-2.amazonaws.com/Portables/F70+-+F80+-+F70D+-+F80D+Series/F70T.jpg','https://icom-radio-images.s3.us-east-2.amazonaws.com/Portables/F70+-+F80+-+F70D+-+F80D+Series/F80S.jpg','https://icom-radio-images.s3.us-east-2.amazonaws.com/Portables/F70+-+F80+-+F70D+-+F80D+Series/F80T.jpg']",Yes,https://icom-radio-images.s3.us-east-2.amazonaws.com/Portables/F70+-+F80+-+F70D+-+F80D+Series/F70.pdf'
F7010 - F7020 Series,P25 Conventional & Analog Portables,"<ul><li>Frequencies:136-174, 380-470, 450-512MHz</li><li>Output Power:5W</li><li>Channels:1024 w/128 zones</li><li>Display:High resolution color LCD</li><li>Mil Spec:C, D, E, F & G</li><li>Waterproof Rating:IP68</li><li>Weight:12.5oz</li></ul>","<ul><li>General Features:</li><li>GPS built-in</li><li>Bluetooth™ built-in</li><li>Intuitive user interface</li><li>Digital voice recorder – record up to 500 hours with 32GB microSD card</li><li>Man down, motion detection, stationary detection, lone worker, and power OFF emergency</li><li>AquaQuake™</li><li>Audio equalizer</li><li>Day and night mode display settingsP25 Digital Features:</li><li>P25 conventional</li><li>P25 Phase 1 trunking option</li><li>P25 Phase 2 trunking option</li><li>P25 vote scan option</li><li>Analog/digital mixed operation</li><li>Individual, group call</li><li>Unit ID and talkgroup display on receive</li><li>Status call and polling</li><li>Short data message (up to 100 characters)Page call</li><li>Phone number list</li><li>Call log<br>COMES WITH</li><li>Battery (BP-284)</li><li>Belt Clip (MB-133)</li><li>Owner’s manual</li><li>Warranty: 3 years</li><li>ENCRYPTION</li><li>AES/DES: UT-134 + license key</li><li>FIPS AES: UT-125 FIPS-2 + license key</li><li>SIGNALING</li><li>2-tone, CTCSS, DTCS tone</li><li>MDC functions</li><li>DTMF autodial</li></ul>",Portables,Yes,"['https://icom-radio-images.s3.us-east-2.amazonaws.com/Portables/F7010+-+F7020+Series/F7010S.jpg','https://icom-radio-images.s3.us-east-2.amazonaws.com/Portables/F7010+-+F7020+Series/F7010T.jpg']",Yes,https://icom-radio-images.s3.us-east-2.amazonaws.com/Portables/F7010+-+F7020+Series/F7010.pdf'
F9011 - F9021 Series,P25 Digital & Analog Portables,"<ul><li>Frequencies:136-174, 380-470, 450-520MHz</li><li>Output Power:6W (VHF); 5W (UHF)</li><li>Channels:512 / 128 zones</li><li>Channel Spacing:15 / 30kHz (analog) 12.5kHz (digital)</li><li>Display:Dot matrix with backlighting</li><li>Programmable Keys:12 buttons, 1 toggle, 1 3-position switch</li><li>Mil Spec:810 C, D, E</li><li>Scan:Normal, priority & dual priority</li><li>Waterproof Rating:IP57 submersible</li><li>Weight:1.17lb (with BP-254)</li><li>Versions:No display, no keypad</li><li>Display, no DTMF keypad</li><li>Display, full DTMF keypad</li></ul>","<ul><li>General Features:</li><li>100 individual ID and 250 talkgroup ID memories</li><li>4-way navigational cross keypad (S & T versions)</li><li>Encryption toggle</li><li>3-position zone select switch</li><li>Tactical group function</li><li>Scan settings – dual priority, mode dependent, talk back and more</li><li>Man down option</li><li>14 pin accessory connector with programmable key assign</li><li>Built-in audio compander (analog only)</li><li>P25 Digital Features:</li><li>P25 digital conventional</li><li>P25 digital trunking option</li><li>DVSI’s AMBE+2™ vocoder</li><li>Digital/analog mixed mode operation</li><li>P25 OTAR optionCompliant Standards:</li><li>TIA/EIA TSB 102. CAAB compliant</li><li>NTIA VHF specification compliant</li><li>FIPS 140-2 (level 1) certified AES encryption<br>COMES WITH</li><li>Antenna</li><li>136-174: FA-S65V</li><li>380-470: FA-S30U</li><li>450-520: FA-S75UBattery (BP-254)</li><li>Belt Clip (MB-115)</li><li>Owner’s manual</li><li>Warranty: 3 years</li><li>ENCRYPTION</li><li>DES: UT-128</li><li>AES/DES: UT-125</li><li>AES FIPS: UT-125 FIPS</li><li>SIGNALING</li><li>CTCSS / DCS encode & decode (analog only)</li><li>2 Tone endocer and decoder (analog only)</li><li>DTMF autiodial (analog only)</li><li>MDC1200 (analog only)</li></ul>",Portables,Yes,"['https://icom-radio-images.s3.us-east-2.amazonaws.com/Portables/F9011+-+F9021+Series/f9011B.jpg','https://icom-radio-images.s3.us-east-2.amazonaws.com/Portables/F9011+-+F9021+Series/F9011S.jpg','https://icom-radio-images.s3.us-east-2.amazonaws.com/Portables/F9011+-+F9021+Series/F9011T.jpg','https://icom-radio-images.s3.us-east-2.amazonaws.com/Portables/F9011+-+F9021+Series/F9021B.jpg','https://icom-radio-images.s3.us-east-2.amazonaws.com/Portables/F9011+-+F9021+Series/F9021S.jpg','https://icom-radio-images.s3.us-east-2.amazonaws.com/Portables/F9011+-+F9021+Series/F9021T.jpg']",Yes,https://icom-radio-images.s3.us-east-2.amazonaws.com/Portables/F9011+-+F9021+Series/F9011_F9021.pdf'
CY5000 - CY6000 Repeaters,All In One IDAS™ Digital & Analog Repeater,"<ul><li>Frequencies:136-174, 400-470, 450-512MHz</li><li>Output Power:50W at 50% duty cycle</li><li>25W at 100% duty cycle</li><li>Channels:32</li><li>Channel Spacing:6.25 (digital) / 12.5kHz</li><li>Height: 3 RU</li><li>Versions:Repeater only</li><li>Repeater With Duplexer</li><li>Repeater With Pre-Selector</li><li>Repeater With Duplexer &</li><li>Pre-Selector</li></ul>","<ul><li>Built-in power supply: 13.8V in or 110V AC in or 220V AC in</li><li>Built-in battery backup & charging capable</li><li>Built-in heavy duty A/C EMI filtering</li><li>3 RU tall - built-in rack handles</li><li>19” standard rack or cabinet mounting</li><li>Powder-coated steel chassis N style bulkhead connectors built-in grounding stud</li><li>Max air cross flow: 80 CFM for excellent ventilation</li><li>DB-25 rear connector interface for external equipment</li><li>DC terminal strip for easy BBU connection</li><li>3 ethernet connections for IP / remote management / trunking</li><li>Digital Features:</li><li>IDAS Trunking-single or multisite (UC-FR5000 & CFFR5000)</li><li>Receives analog and digital signals on a single channel</li><li>NXDN® Digital Air Interface</li><li>Strongest site search</li><li>Firmware upgrade over IP</li><li>Configuration over IP<br>SIGNALING</li><li>Digital RAN Code decode</li><li>5-tone & DTMF Encode/Decode (analog)</li><li>CTCSS</li><li>ENCRYPTION</li><li>Simple Inversion: UT-109R 32 Codes</li><li>Rolling Code: UT-110R 1020 Codes</li><li>IDAS digital mode, 15-bit encryption key provides over</li><li>32K codes<br>WARRANTY</li><li>1-Year</li></ul>",Icom America Systems,Yes,['https://icom-radio-images.s3.us-east-2.amazonaws.com/IcomAmericaSystems/CY5000+-+CY6000+Repeaters/CY5000_CY6000.jpg'],No,
F5011 - F6011 Series,Basic Analog Mobiles,"<ul><li>Frequencies:136-174, 400-470, 450-512MHz</li><li>Output Power:50W (VHF), 45W (UHF)</li><li>Channels:8 with 2 zones</li><li>Channel Spacing:12.5kHz</li><li>Programmable Keys:4</li><li>Mil Spec:810 C, D, E</li><li>Scan:Normal, priority & dual priority</li></ul>","<ul><li>Priority scan function allows you to monitor one or two priority channels while scanning other non-priority channels</li><li>Tx channel and talk back functions allow you to make a quick response while scanning</li><li>4W speaker</li><li>Microphone hanger action programmable</li><li>Time out timer, lock-out penalty timer</li><li>Talk around function</li><li>Power-on password</li><li>Nuisance delete function</li><li>SIGNALING</li><li>CTCSS / DCS Encode/Decode</li><li>DTMF Encode</li><li>2/5 Tone</li><li>Up to 10 2-tone codes can be decoded on a channel</li><li>Up to 8 5-tone codes can be decoded on a channelMDC1200</li><li>PTT ID(Tx)</li><li>Emergency call (Tx)</li><li>Radio check (Rx)</li><li>Stun/revive (Rx)DTMF decode & autodial: UT-108R<br>COMES WITH</li><li>Microphone (HM-152)</li><li>Mounting bracket (F121 MMB)</li><li>Power cable (OPC-1132)</li><li>Owner’s manual</li><li>Warranty: 2 years</li><li>ENCRYPTION</li><li>Simple Inversion: UT-109R 32 Codes</li><li>Rolling Code: UT-110R 1020 Codes</li></ul>",Mobiles,Yes,['https://icom-radio-images.s3.us-east-2.amazonaws.com/Mobiles/F5011+-+F6011+Series/F5011.jpg'],No,
F5021 - F6021 Series,Advanced Analog Mobiles,"<ul><li>Frequencies:136-174, 400-470, 450-512MHz</li><li>Output Power:50W (VHF), 45W (UHF)</li><li>Channels:128 channels, 8 zones</li><li>Channel Spacing:12.5 kHz</li><li>Display:LCD with 8 character alphanumeric</li><li>Programmable Keys:6</li><li>Mil Spec:810 C, D, E, F</li><li>Scan:Normal & priority</li></ul>","<ul><li>External memory channel control w/ optional ACC cable</li><li>Tx channel setting & talk back function</li><li>Radio kill, stun, revive</li><li>Embedded ESN</li><li>Mode dependent scan</li><li>Lone worker function</li><li>Power-on password</li><li>Nuisance delete function</li><li>SIGNALING</li><li>CTCSS / DCS Encode/Decode</li><li>2/5 Tone Encode/Decode</li><li>Up to 10 2-tone codes can be decoded on a channel</li><li>Up to 8 5-tone codes can be decoded on a channel</li><li>Programmable items for codes: Beep sound, Answer back, Scan, Bell icon, Radio stun/killMDC1200</li><li>PTT ID (Tx/Rx)</li><li>Radio stun (Rx)</li><li>Emergency TX/RX</li><li>Radio check (Rx)</li><li>Radio revive (Rx)</li><li>5 alias tableDTMF Encode</li><li>DTMF Decode (UT-108R)<br>COMES WITH</li><li>Microphone (HM-152)</li><li>Mounting bracket</li><li>Power cable (OPC-1132)</li><li>Owner’s manual</li><li>Warranty: 2 years</li><li>ENCRYPTION</li><li>Simple Inversion: UT-109R 32 Codes</li><li>Rolling Code: UT-110R 1020 Codes</li></ul>",Mobiles,Yes,['https://icom-radio-images.s3.us-east-2.amazonaws.com/Mobiles/F5021+-+F6021+Series/F5021.jpg'],No,
F5061 - F6061 & F5061D - F6061D Series,"Analog, LTR, or IDAS™Digital Mobiles","<ul><li>Frequencies:136-174, 400-470, 450-512MHz</li><li>Output Power:50W (VHF), 45W (UHF)</li><li>Channels:512 channels, 128 zones</li><li>Channel Spacing:12.5kHz, 6.25kHz (D versions)</li><li>LCD Display:Dot matrix, switchable 1 line 12 character or 2 line 24 character</li><li>Programmable Keys:7</li><li>Mil Spec:810 C, D, E</li><li>Scan:Normal, priority & dual priority</li></ul>","<ul><li>General Features</li><li>Basic LTR, Analog, Digital mixed mode</li><li>Detachable front panel (req. separation kit)</li><li>D-Sub accessory connector</li><li>8 DTMF autodial memories & ANI functions</li><li>Power ON password</li><li>Radio stun/kill</li><li>Surveillance function (temp. turns LEDs off)</li><li>Busy repeater lock out functionDigital Features:</li><li>IDAS™ conventionalIDAS multi-site and single-site trunking and IDAS multi-site conventionalVoting mode scanning</li><li>NXDN® Digital Air Interface</li><li>Short & long data messages</li><li>64 Radio Access Numbers (RAN)</li><li>Individual & group selective call</li><li>Strongest site search</li><li>Firmware upgrade over IP</li><li>Configuration over IP</li><li>SIGNALING</li><li>CTCSS/DCS encode/decode</li><li>2/5 Tone</li><li>DTMF</li><li>ANI with 2/5 tone & DTMF</li><li>MDC1200</li><li>ENCRYPTION</li><li>Simple Inversion: UT-109R 32 Codes</li><li>Rolling Code: UT-110R 1020 Codes<br>COMES WITH</li><li>Microphone (HM-148G)</li><li>Mounting bracket</li><li>Power cable (OPC-1132)</li><li>Owner’s manual</li><li>Warranty: 3 years</li></ul>",Mobiles,Yes,['https://icom-radio-images.s3.us-east-2.amazonaws.com/Mobiles/F5061+-+F6061+&+F5061D+-+F6061D+Series/F5061.jpg'],No,
F5121D - F6121D Series,IDAS™ Mobiles,"<ul><li>Frequencies:136-174, 400-470, 450-512MHz</li><li>Output Power:50W (VHF), 45W (UHF)</li><li>Channels:128 with 8 zones</li><li>Channel Spacing:12.5kHz; 6.25kHz Digital</li><li>LCD Display:8 Character alphanumeric LCD with backlit or night time operation</li><li>Programmable Keys:7</li><li>Mil Spec:810 C, D, E, F</li><li>Scan:Normal, priority & dual priority</li></ul>","<ul><li>General Features:</li><li>Lone worker function</li><li>Power-on password function</li><li>Time out timer</li><li>Mic hanger action programmableDigital Features:</li><li>IDAS™ conventional</li><li>IDAS™ single-site trunking</li><li>Digital / Analog mixed mode operation</li><li>NXDN® Digital Air Interface</li><li>AMBE+2™ VOCODER</li><li>64 Radio Access Numbers (RAN)</li><li>GPS receiver connection w/ optional OPC-2078 ACC cable</li><li>Programmable features:</li><li>PTT ID</li><li>RAN (radio access number)</li><li>Individual/talkgroup list (max 500)</li><li>SDM (short data message)</li><li>Remote monitor (Rx)</li><li>Digital voice scrambler</li><li>Call alert, stun/kill/revive (Rx), Emergency</li><li>Status, Radio check (Rx)<br>COMES WITH</li><li>Microphone (HM-152)</li><li>Mounting bracket kit</li><li>DC Power cable (OPC-1132)</li><li>Owner’s manual</li><li>Warranty: 2 years</li><li>SIGNALING</li><li>2/5 Tone in analog mode</li><li>CTCSS/DTCS encoder/decoder (analog only)</li><li>DTMF Encode</li><li>DTMF Decode: UT-108R</li><li>MDC1200</li><li>PTT ID</li><li>Emergency</li><li>Radio check (Rx)</li><li>Stun/revive (Rx)</li><li>500 alias table</li></ul>",Mobiles,Yes,['https://icom-radio-images.s3.us-east-2.amazonaws.com/Mobiles/F5121D+-+F6121D+Series/F5121D.jpg'],No,
F5220D - F6220D Series,IDAS Trunking Mobiles,"<ul><li>Frequencies:136-174, 400-470, 450-512</li><li>Output Power:50W (VHF); 45W (UHF)</li><li>Channels:128 with 8 zones</li><li>Channel Spacing:15 / 12.5 / 6.25kHz</li><li>Mil Spec:MIL 810</li><li>Scan:Priority/Vote/Roaming</li><li>Weight:2.4lb</li></ul>","<ul><li>General Features:</li><li>Channel announcementCTCSS/DTCS encoder/decoder</li><li>Microphone hanger action programmable</li><li>Power-on password function</li><li>Talk around function</li><li>Voting scan</li><li>Nuisance delete function</li><li>Time-out-timer, lock-out penaltyDigital Features:</li><li>IDAS™ conventionalIDAS multi-site and single-site trunking and IDAS multi-site conventionalUp to 500 individual and up to 500 group ID aliases (Each for single-site/multi-site/conventional)</li><li>PTT ID and ANI</li><li>Call alert</li><li>Status</li><li>SDM (Short Data Message)</li><li>Radio check (RX)</li><li>RAN (Radio Access Number)</li><li>Remote monitor (RX)</li><li>Emergency</li><li>Digital voice scrambler</li><li>ATB (All Trunks Busy) ring back</li><li>GPS data (PC and software required to show received position data)<br>COMES WITH</li><li>Hand Microphone (HM-152)</li><li>Mounting bracket kit</li><li>DC Power cable (OPC-1132)</li><li>Owner’s manual</li><li>Warranty: 2 years</li></ul>",Mobiles,Yes,['https://icom-radio-images.s3.us-east-2.amazonaws.com/Mobiles/F5220D+-+F6220D+Series/F5220D.jpg'],No,
F5360D - F6360D Series,Analog and IDAS™ 12.5 kHz & 6.25 kHz Digital & Type-C Trunking,"<ul><li>Frequencies:136-174, 400-470MHz</li><li>Output Power:50W (VHF), 45W (UHF)</li><li>Channels:512 channels, 128 zones</li><li>Channel Spacing:12.5kHz, 6.25kHz</li><li>LCD Display:Dot matrix, switchable 1 line 12 character or 2 line 24 character</li><li>Programmable Keys:7</li><li>Mil Spec:810 C, D, E</li><li>Scan:Normal, priority & dual priority</li></ul>","<ul><li>General Features</li><li>Analog, Digital mixed mode</li><li>GPS built-in (requires GPS antenna)</li><li>D-Sub accessory connector</li><li>8 DTMF autodial memories & ANI functions</li><li>Power ON password</li><li>Radio stun/kill</li><li>Surveillance function (temp. turns LEDs off)</li><li>Busy repeater lock out function</li><li>Menu driven user interfaceDigital Features:</li><li>IDAS™ conventionalIDAS Type C trunkingNXDN® Digital Air Interface</li><li>64 Radio Access Numbers (RAN)</li><li>Individual & group selective call</li><li>Strongest site search</li><li>Transparent data</li><li>Over-the-air alias<br>SIGNALING</li><li>CTCSS/DCS encode/decode</li><li>DTMF</li><li>MDC1200</li><li>COMES WITH</li><li>Microphone (HM-148G)</li><li>Mounting bracket</li><li>Power cable (OPC-1132)</li><li>Owner’s manual</li><li>Warranty: 3 years</li></ul>",Mobiles,Yes,['https://icom-radio-images.s3.us-east-2.amazonaws.com/Mobiles/F5360D+-+F6360D+Series/F5360D.jpg'],No,
F5400D - F6400D Series,VHF UHF Digital Mobile Transceiver,"<ul><li>Frequencies:136-174, 380-470, 450-512MHz</li><li>Output Power:50W (VHF), 45W (UHF)</li><li>Channels:1024 channels w/128 zones</li><li>Channel Spacing:12.5kHz, 6.25kHz</li><li>LCD Display:High-resolution color with icons and characters</li><li>Programmable Keys:7 (D); 5 (DS)</li><li>Mil Spec:C, D, E, F, G</li><li>Weight:3.3lb</li><li>Waterproof Rating:IP55</li><li>Versions:With full display</li><li>With numeric number only</li></ul>","<ul><li>General Features</li><li>Basic LTR® / Conventional / IDAS</li><li>GPS built-in</li><li>Bluetooth™ built-in</li><li>Intuitive user interface</li><li>High-resolution color LCD</li><li>Digital voice recorder – record up to 500 hours with 32GB microSD card</li><li>Safety features: emergency button, lone woker function, and power OFF emergency function</li><li>AquaQuake™</li><li>Audio equalizer*</li><li>D-Sub 25-pin ACC connector</li><li>20W audio amplifier for connecting with external public address systemDigital Features:</li><li>IDAS™ conventionalIDAS single-site and multi-site Type D trunking (optional upgrade)</li><li>IDAS single-site and multi-site Type C trunking (optional upgrade)*</li><li>Voting mode scanning</li><li>NXDN® Digital Air Interface</li><li>AMBE+2™ VOCODER</li><li>Individual & group selective call</li><li>Strongest site searchOver-the-Air Programming (requires software & license)*<br>COMES WITH</li><li>Hand microphone (HM-220)</li><li>Mounting bracket kit</li><li>DC power cable</li><li>Microphone hanger</li><li>Owner’s manual</li><li>Warranty: 3 years</li><li>ANALOG SIGNALING</li><li>2-tone, 5-tone, CTCSS and DTCS built-in</li><li>DTMF autodial and DTMF decode</li><li>MDC1200 compatible</li><li>ENCRYPTION</li><li>AES/DES UT-134</li><li>Over-the-Air Rekeying (requires license)*</li><li>*Future Availability</li></ul>",Mobiles,Yes,['https://icom-radio-images.s3.us-east-2.amazonaws.com/Mobiles/F5400D+-+F6400D+Series/F5400D.jpg'],No,
F7510 - F7520 Series,P25 Conventional & Analog Mobiles,"<ul><li>Frequencies:136-174, 380-470, 450-512MHz</li><li>Output Power:50W (VHF); 45W (UHF)</li><li>Channels:1024 w/128 zones</li><li>Display:High resolution color LCD</li><li>Programmable Keys:7</li><li>Mil Spec:C, D, E, F & G</li><li>Waterproof Rating:IP55</li><li>Weight:3.3lb</li></ul>","<ul><li>General Features:</li><li>GPS built-in</li><li>Bluetooth™ built-in</li><li>Intuitive user interface</li><li>Digital voice recorder – record up to 500 hours with 32GB microSD card</li><li>Safety features: emergency key, lone worker function, and power OFF emergency</li><li>Day and night mode display settings</li><li>D-Sub 25-pin ACC connectorP25 Digital Features:</li><li>P25 conventional</li><li>P25 Phase 1 trunking option</li><li>P25 Phase 2 trunking option</li><li>P25 vote scan option</li><li>Analog/digital mixed operation</li><li>Individual, group call</li><li>Unit ID and talkgroup display on receive</li><li>Status call and polling</li><li>Short data message (up to 100 characters)</li><li>Page call</li><li>Phone number list</li><li>Call log<br>COMES WITH</li><li>Hand microphone (HM-220)</li><li>Mounting bracket kit</li><li>DC power cable</li><li>Microphone anger</li><li>Owner’s manual</li><li>Warranty: 3 years</li><li>ENCRYPTION</li><li>AES/DES: UT-134 + license key</li><li>FIPS AES: UT-125 FIPS-2 + license key</li><li>SIGNALING</li><li>2-tone, CTCSS, DTCS tone</li><li>MDC functions</li><li>DTMF autodial</li></ul>",Mobiles,Yes,['https://icom-radio-images.s3.us-east-2.amazonaws.com/Mobiles/F7510+-+F7520+Series/F7510.jpg'],No,
F8101,HF Transceiver,"<ul><li>Frequencies:Receive 0.5-29.9999MHz</li><li>Transmit 1.6-29.9999MHz</li><li>Number of Channels:500 channels</li><li>Type of Emission:J3E, A3E, A1A, F1B, J2B</li><li>Output Power:125W</li><li>Mil Spec:MIL 810 C, D, E, F, G</li><li>Dimensions:6.85x2.44x10.2 in (Controller attached)</li><li>Weight:8.6lb (Controller attached type)</li></ul>",<ul><li>ALE (Automatic Link Establishment)</li><li>Selective calling</li><li>Compact and durable</li><li>BITE (Built-in Test Equipment) function</li><li>User friendly operation</li><li>Clear talk function</li><li>Mute functions</li><li>Digital Signal Processor (DSP)</li><li>GPS receiver connection</li><li>Data communications</li><li>USB Port for PC connection<br>COMES WITH</li><li>RF unit with controller head</li><li>Microphone (HM-193)</li><li>Microphone hanger kit</li><li>External speaker (SP-35L)</li><li>DC power cable</li><li>Spare fuses</li><li>Owner’s manual</li><li>Warranty: 2 years</li></ul>,"Data Radio, HF & RoIPSolutions",Yes,"['https://icom-radio-images.s3.us-east-2.amazonaws.com/DataRadio,HF&RoIPSolutions/F8101/F8101.jpg']",No,
F9511 - F9521 Series,P25 Trunking Mobiles,"<ul><li>Frequencies:136-174, 400-470, 450-520MHz</li><li>Output Power:50W or 110W (VHF), 50W (UHF)</li><li>Channels:512 / 128 zones</li><li>Channel Spacing:15/30 (analog), 12.5kHz (digital)</li><li>PLL Channel Spacing:2.5, 3.125kHz</li><li>LCD Display:Dot matrix with backlighting and 2 lines of 12 characters each</li><li>Programmable Keys:5 (S) or 7 (T)</li><li>Mil Spec:810 C, D, E</li><li>Scan:Normal, priority & dual priority</li><li>Waterproof Rating:IP54 dust-protection and splash proof (controller only)</li><li>Versions:50W without a DTMF keypad</li><li>50W with DTMF keypad</li><li>110W with DTMF keypad</li></ul>","<ul><li>General Features:</li><li>100 individual ID and 250 talkgroup ID memories</li><li>Detachable front panel</li><li>Programmable ACC port for external control, dimmer and horn control</li><li>Dual head capable with 110W version</li><li>Tactical group function</li><li>22W PA function with BTL amplifier</li><li>RX speaker functions</li><li>Scan settings – dual priority, mode dependent, talk back and more</li><li>Built-in audio compander (analog only)</li><li>Radio stun/kill function (P25 digital only)P25 Digital Features:</li><li>P25 digital conventional</li><li>P25 digital trunking option</li><li>DVSI’s AMBE+2™ vocoder</li><li>Digital/analog mixed mode operation</li><li>P25 OTAR optionCompliant Standards:</li><li>TIA/EIA TSB 102. CAAB compliant</li><li>NTIA VHF specification compliant</li><li>FIPS 140-2 (level 1) certified AES encryption<br>COMES WITH</li><li>Microphone (HM-148G)</li><li>Mounting bracket</li><li>Power cable</li><li>Owner’s manual</li><li>Warranty: 3 years</li><li></li><li>F9511T includes the SP-35</li><li>F9511HT includes the OPC-726, but requires an external speaker</li><li>ENCRYPTION</li><li>DES: UT-128</li><li>AES/DES: UT-125</li><li>AES FIPS: UT-125 FIPS</li><li>SIGNALING</li><li>CTCSS/DTCS encorder & decoder (analog only)</li><li>2 Tone endocder & decoder (analog only)</li><li>MDC1200 (analog only)</li><li>DTMF audiodial (analog only)</li></ul>",Mobiles,Yes,"['https://icom-radio-images.s3.us-east-2.amazonaws.com/Mobiles/F9511+-+F9521+Series/F9511HT.jpg','https://icom-radio-images.s3.us-east-2.amazonaws.com/Mobiles/F9511+-+F9521+Series/F9511S.jpg','https://icom-radio-images.s3.us-east-2.amazonaws.com/Mobiles/F9511+-+F9521+Series/F9511S_base.jpg','https://icom-radio-images.s3.us-east-2.amazonaws.com/Mobiles/F9511+-+F9521+Series/F9511T.jpg']",No,
IAS 120D - 150D Series,High-Power Digital & Analog Repeater,"<ul><li>Frequencies:136-174, 400-470, 450-512MHz</li><li>Output Power:100/120/150W at 100% duty cycle</li><li>Channels:32</li><li>Channel Spacing:6.25 (digital) / 12.5kHz</li><li>LCD Display:16-digit dot matrix Display</li><li>Programmable buttons:5</li><li>Scan:Normal & priority</li></ul>","<ul><li>SNMP capable</li><li>Two amps can be mounted side by side—eliminating an additional rack space concerns and also marry up nicely with the dual FR5000 configuration</li><li>Full remote control and monitoring of over 16 sensors and alarms via SNMP v2C</li><li>5 individual internal heat sensors</li><li>4 GPIO for customized usage</li><li>70 Amp power supply with smart charging external battery technology – modular design load capacity and expandable to140 amp load capacity</li><li>15 Amp A/C surge suppression panel with 1750 joules A/C surge suppression – SASD technology</li><li>E2-IP.PA is a 2 RU unit, with an input of 1-3 Watts and an output of 2 - 120 Watts (UHF) or 2 - 150 Watts (VHF) output.</li><li>Operates on DC voltage</li><li></li><li>Third party components noted are subject to change or substitution.<br>SIGNALING</li><li>Digital RAN Code decode</li><li>5-tone & DTMF Encode/Decode (analog)</li><li>CTCSS</li><li>ENC RYPTION</li><li>Simple Inversion: UT-109R 32 Codes (analog)</li><li>Rolling Code: UT-110R 1020 Codes (analog)</li><li>IDAS digital mode, 15-bit encryption key</li><li>provides over 32K codes</li><li>COMES WITH</li><li>FR5000 or FR6000</li><li>VHF or UHF power amplifier</li><li>Power supply (IASPS1070)</li><li>AC surge suppression panel</li><li>Cabinet/rack not included</li><li>Warranty : 2-Year</li></ul>",Icom America Systems,Yes,"['https://icom-radio-images.s3.us-east-2.amazonaws.com/Icom+America+Systems/IAS+120D+-+150D+Series/IAS120D.jpg','https://icom-radio-images.s3.us-east-2.amazonaws.com/Icom+America+Systems/IAS+120D+-+150D+Series/IAS150D.jpeg']",No,
VE-PG3,RoIP Gateway,"<ul><li>Power Supply:12V DC +/- 10%, max 1.1A</li><li>Weight:1.76lb</li><li></li><li>Interface</li><li>LAN/WAN:RJ-45 connectors x 2</li><li>Ethernet Speed:10BASE-T/100BASE-TX</li><li>Telephone Set:RJ-11 connector x 1</li><li>Telephone Line:RJ-11 connector x 2</li><li>Repeater/Radio:Quick connector x 4</li><li>I/O or external equipment:Quick connector x 2</li><li>USB:Standard A x 2</li></ul>","<ul><li>Converter Mode</li><li>Interconnect between IP phone, analog phone and radio networks</li><li>Phone calls can be initiated by radio usersBridge Mode:</li><li>Site-to-site radio communication over an IP network</li><li>Site-to-multisite radio communication</li><li>Cross band, cross category connection</li><li>Common Features:</li><li>Optional RC-FS10 software for virtual PC dispatch station</li><li>Public address, siren, warning light and external equipment connections (IDAS only)<br>WARRANTY</li><li>1-Year</li><li>Comes With</li><li>AC adapter</li></ul>","Data Radio, HF & RoIPSolutions",Yes,"['https://icom-radio-images.s3.us-east-2.amazonaws.com/DataRadio,HF&RoIPSolutions/VE-PG3/VE-PG3.jpg']",No,
X-BAND REPEATER,Cross Band VHF & UHF,"<ul><li>Frequencies:136-174, 400-470MHz or AV frequencies</li><li>Output Power:50W (VHF), 45W (UHF)</li><li>Channels:128 channels, 8 zones</li><li>Channel Spacing:12.5kHz</li><li>PLL Channel Spacing:2.5, 3.125kHz</li><li>Display:LCD with 8 character alphanumeric</li></ul>","<ul><li>Full UHF & VHF analog interoperability</li><li>Configured to auto switch from AC to DC</li><li>Local controlled operation, can be used as a dual base unit</li><li>Programmable actions when a matched tone is received:</li><li>- Bell icon indication ON / OFF / Blink</li><li>- Answer back calls</li><li>- Beep sounds</li><li>- Scan Start / Stop</li><li>- Auto transmission</li><li>- Stun / Kill functions (prevents use of a lost or stolen)</li><li>10 scanning lists and Normal / Priority scan</li><li>Power ON password<br>SIGNALING</li><li>CTCSS/DTCS decode</li><li>2/5 Tone</li><li>MDC1200<br>WARRANTY</li><li>Radios: 2 years</li><li>Parts: 1 year</li></ul>",Icom America Systems,Yes,['https://icom-radio-images.s3.us-east-2.amazonaws.com/IcomAmericaSystems/X-BAND+REPEATER/X-BAND_REPEATER.jpg'],No,
F1721 - F2721 - F2821 Series,"High End Analog, P25 Conventional Mobiles","<ul><li>Frequencies:136-174, 400-470, 450-512MHz</li><li>Output Power:50W (VHF); 45W (UHF)</li><li>Channels:256 with 32 zones</li><li>Channel Spacing:12.5 / 25kHz</li><li>LCD Display:Dot matrix, switchable 1 line 12 characters or 2 lines 24 characters</li><li>Programmable Keys:5 (simple version) or 7 (10-key version)</li><li>Mil Spec:810 C, D, E</li><li>Scan:Normal, priority & dual priority</li><li>Versions:Analog only (upgradeable to P25)</li><li>P25 ready (D versions)</li></ul>",<ul><li>General Features</li><li>Detachable front panel</li><li>Radio stun / kill</li><li>Tactical group function</li><li>Built-in audio compander (analog only)</li><li>22W PA built-in</li><li>Power-on password functionDigital P25 Features</li><li>Interoperability with other manufacturer’s P25 digital radios in conventional mode</li><li>Compatible w/ both analog FM & P25 digital modeSIGNALING</li><li>MDC1200</li><li>CTCSS/DCS encode/decode</li><li>DTMF decode</li><li>2/5 tone encode/decode</li><li>Enhanced MDC (optional on analog)</li><li>ANI with 2/5 tone & DTMF<br>COMES WITH</li><li>Hand mic (HM-148G)</li><li>External speaker (SP-22) for F2821</li><li>Mounting bracket kit</li><li>DC Power cable (OPC-1132)</li><li>Owner’s manual</li><li>Warranty: 2-Year</li><li>3-Year (“D” series)</li><li>ENCRYPTION</li><li>Simple Inversion: UT-109 02 32 Codes</li><li>Rolling Code: UT-110 02 1020 Codes</li></ul>,Mobiles,No,,No,
FR5000 - FR6000 Series,IDAS Digital & Analog Repeater,"<ul><li>Frequencies:136-174, 400-470, 450-512MHz</li><li>Output Power:50W at 50% duty cycle</li><li>25W at 100% duty cycle</li><li>Channels:32</li><li>Channel Spacing:6.25 (digital) / 12.5kHz</li><li>LCD Display:16-digit dot matrix</li><li>Programmable buttons:5</li><li>Mil Spec:810 C, D, E, F</li><li>Scan:Normal & priority</li><li>Size:19-inch rack mount, 2U height</li><li>Weight:12.3 lb (approx)</li><li>Versions:FR repeater</li><li>UR repeater module</li><li>FR/UR kit (FR + UR)</li><li>Two channel kits</li></ul>","<ul><li>General Features</li><li>CW ID included</li><li>Automatic battery backup</li><li>DB-25 accessory connector</li><li>Built-In community tone panel</li><li>Internal space for duplexer & pre-selector</li><li>Master/Slave backup operation</li><li>Password Kill/Stun security function</li><li>Temperature alert</li><li>Fits 2 RF modules in 2 unit</li><li>PTT priority setting</li><li>Low voltage alert (analog)Digital Features:</li><li>IDAS Trunking-single or multisite (UC-FR5000 & CFFR5000)</li><li>Receives analog and digital signals on a single channel</li><li>NXDN® Digital Air Interface</li><li>Strongest site search</li><li>Firmware upgrade over IP</li><li>Configuration over IP<br>SIGNALING</li><li>Digital RAN Code decode</li><li>5-tone & DTMF Encode/Decode (analog)</li><li>CTCSS, DTCS tone</li><li>ENCRYPTION</li><li>Simple Inversion: UT-109R 32 Codes (analog)</li><li>Rolling Code: UT-110R 1020 Codes (analog)</li><li>IDAS digital mode, 15-bit encryption key provides over</li><li>32K codes<br>WARRANTY</li><li>2-Year</li><li>Internal and external duplexers and pre-selectors available for the FR5000/FR6000</li><li>External duplexers available for the FR/UR kits and Two channel kits</li></ul>",Icom America Systems,No,,No,
FR5200H - FR6200H Series,IDAS Digital & Analog 50W 100% Duty Cycle Repeater,"<ul><li>Frequencies:136-174, 400-470, 450-512MHz</li><li>Output Power:50W at 100% duty cycle</li><li>Channels:32</li><li>Channel Spacing:6.25 (digital) / 12.5kHz</li><li>LCD Display:12-digit dot matrix</li><li>Programmable buttons:5</li><li>Mil Spec:810 C, D, E, F, G</li><li>Scan:Normal & priority</li><li>Size:19-inch rack mount, 2U height</li><li>Weight:22 lb (approx)</li></ul>","<ul><li>General Features</li><li>IDAS, analog FM and mixed mode</li><li>CW ID included</li><li>D-SUB 25-pin accessory connector</li><li>Built-in inversion voice scrambler (Analog mode)</li><li>Built-in audio compander (Analog mode)</li><li>PTT priority setting (Local Mic., external PTT or repeater operation)</li><li>Convenient key assign stickers supplied</li><li>Beat cancel capability</li><li>Low voltage alert (Analog mode)Digital Features:</li><li>IDAS Trunking-single or multisite (UC-FR5000 & CFFR5000)</li><li>Receives analog and digital signals on a single channel</li><li>NXDN® Digital Air Interface</li><li>Strongest site search</li><li>Firmware upgrade over IP</li><li>Configuration over IP</li><li>±0.5ppm high frequency stability<br>""SIGNALING</li><li>Digital RAN Code decode</li><li>5-tone & DTMF Encode/Decode (analog)</li><li>CTCSS, DTCS tone</li><li>ENCRYPTION</li><li>IDAS digital mode, 15-bit encryption key provides over</li><li>32K codes</li><li>WARRANTY</li><li>2-Year""<br></li></ul>",Icom America Systems,No,,No,
FR9010 - FR9020 Series,110W Full Duty Cycle P25 Digital Repeater,"<ul><li>Frequencies:146-174, 440-475MHz</li><li>Output Power:110W VHF</li><li>100W UHF</li><li>Channels:500 channels</li><li>Channel Spacing:12.5kHz</li><li>Display:5 color LEDs</li><li>Mil Spec:810 G</li><li>Size:18.98x3.46x16.26 in</li><li>Weight:11.0 kg; 24.3 lb (approx)</li></ul>","<ul><li>P25 conventional, analog FM and mixed mode</li><li>500 memory channels capacity</li><li>P25 conventional base mode:</li><li>Emergency</li><li>Call alert</li><li>Radio check</li><li>Radio inhibit (Stun)</li><li>Radio uninhibit (Revive)</li><li>Status update</li><li>Status request</li><li>SBC log (Call log)</li><li>OTAR (Over-the-Air-Rekeying)</li><li>Individual, group and all callsD-SUB 25-pin accessory connector</li><li>Programmable CTCSS, DTCS and NAC</li><li>CW ID transmission</li><li>High reliability, rugged construction</li><li>±1.5ppm frequency stability (Digital mode)</li><li>Low standby current (280mA)</li><li>P25 self-test mode and key test mode</li><li>Automatic error detection</li><li>5 color LEDs</li><li>2U low profile for rack mount<br>Comes With</li><li>DC power cable connector</li><li>2-Year warranty</li></ul>",Icom America Systems,No,,No,
RF Technologies - Eclipse2 Series,Software-Defined P25 Repeater / Analog Base Station,"<ul><li>Frequencies:136-174MHz (VHF), 450-520MHz (UHF)</li><li>Output Power Adjustable:0.5-5W</li><li>Channels:256</li><li>Weight:1.45Kg (Receiver & Exciter); 3.55Kg (Pwr Amp); 4.65Kg (PA 501); 2.6Kg (SMPS-12); 8.0Kg (PS-12); 4.55Kg (Mounting rack)</li></ul>","<ul><li>Auto sensing repeater (P25 / Analog) 100% duty cycle operation</li><li>Remote diagnostics via ethernet: alarm monitor & report</li><li>Battery backup – charging & auto switch over capable</li><li>Built-in 35 amp power supply: 240-120V AC operation</li><li>IP commander – ethernet programming with rollback feature</li><li>Modular design – space saving 4RU</li><li>Full duplex analog repeater base station</li><li>Firmware upgradeable to P25 via ethernet</li><li>IP firmware & software updating capable</li><li>SIGNALING</li><li>DTMF Encoded / Decode</li><li>Built-In 2-Tone, 5-Tone<br>COMES WITH</li><li>Owner’s manual</li><li>Warranty: 1 year</li></ul>",Icom America Systems,No,,No,
*Discontinued Radios have been omitted from this list,,,,,,,,